"n.acc","Trophy",AphiaID,Match type,ScientificName,AphiaID_accepted,ScientificName_accepted,Kingdom,Phylum,Class,Order,Family,Genus,Subgenus,Species,Subspecies
"Abludomelita obtusata","De",102788,exact,Abludomelita obtusata,102788,Abludomelita obtusata,Animalia,Arthropoda,Malacostraca,Amphipoda,Melitidae,Abludomelita,,obtusata,
"Abra alba","SuDe",141433,exact,Abra alba,141433,Abra alba,Animalia,Mollusca,Bivalvia,Cardiida,Semelidae,Abra,,alba,
"Abra nitida","SuDe",141435,exact,Abra nitida,141435,Abra nitida,Animalia,Mollusca,Bivalvia,Cardiida,Semelidae,Abra,,nitida,
"Abra prismatica","SuDe",141436,exact,Abra prismatica,141436,Abra prismatica,Animalia,Mollusca,Bivalvia,Cardiida,Semelidae,Abra,,prismatica,
"Abra segmentum","De",141438,exact,Abra segmentum,141438,Abra segmentum,Animalia,Mollusca,Bivalvia,Cardiida,Semelidae,Abra,,segmentum,
"Abra tenuis","SuDe",141439,exact,Abra tenuis,141439,Abra tenuis,Animalia,Mollusca,Bivalvia,Cardiida,Semelidae,Abra,,tenuis,
"Acanthocardia echinata","Su",138992,exact,Acanthocardia echinata,138992,Acanthocardia echinata,Animalia,Mollusca,Bivalvia,Cardiida,Cardiidae,Acanthocardia,,echinata,
"Acanthocardia tuberculata","Su",381057,exact,Acanthocardia tuberculata,381057,Acanthocardia tuberculata,Animalia,Mollusca,Bivalvia,Cardiida,Cardiidae,Acanthocardia,,tuberculata,
"Acanthodoris pilosa","CaSc",140627,exact,Acanthodoris pilosa,140627,Acanthodoris pilosa,Animalia,Mollusca,Gastropoda,Nudibranchia,Onchidorididae,Acanthodoris,,pilosa,
"Achelia echinata","Om",134599,exact,Achelia echinata,134599,Achelia echinata,Animalia,Arthropoda,Pycnogonida,Pantopoda,Ammotheidae,Achelia,,echinata,
"Acrocnida brachiata","Su",236130,exact,Acrocnida brachiata,236130,Acrocnida brachiata,Animalia,Echinodermata,Ophiuroidea,Amphilepidida,Amphiuridae,Acrocnida,,brachiata,
"Acteon tornatilis","CaSc",138691,exact,Acteon tornatilis,138691,Acteon tornatilis,Animalia,Mollusca,Gastropoda,,Acteonidae,Acteon,,tornatilis,
"Adalaria proxima","CaSc",140629,exact,Adalaria proxima,140629,Adalaria proxima,Animalia,Mollusca,Gastropoda,Nudibranchia,Onchidorididae,Adalaria,,proxima,
"Aeolidia papillosa","CaSc",138709,exact,Aeolidia papillosa,138709,Aeolidia papillosa,Animalia,Mollusca,Gastropoda,Nudibranchia,Aeolidiidae,Aeolidia,,papillosa,
"Aequipecten opercularis","Su",140687,exact,Aequipecten opercularis,140687,Aequipecten opercularis,Animalia,Mollusca,Bivalvia,Pectinida,Pectinidae,Aequipecten,,opercularis,
"Alderia modesta","He",141555,exact,Alderia modesta,141555,Alderia modesta,Animalia,Mollusca,Gastropoda,,Limapontiidae,Alderia,,modesta,
"Alitta succinea","De",234850,exact,Alitta succinea,234850,Alitta succinea,Animalia,Annelida,Polychaeta,Phyllodocida,Nereididae,Alitta,,succinea,
"Alitta virens","Om",234851,exact,Alitta virens,234851,Alitta virens,Animalia,Annelida,Polychaeta,Phyllodocida,Nereididae,Alitta,,virens,
"Ampelisca armoricana","De",101888,exact,Ampelisca armoricana,101888,Ampelisca armoricana,Animalia,Arthropoda,Malacostraca,Amphipoda,Ampeliscidae,Ampelisca,,armoricana,
"Ampelisca brevicornis","De",101891,exact,Ampelisca brevicornis,101891,Ampelisca brevicornis,Animalia,Arthropoda,Malacostraca,Amphipoda,Ampeliscidae,Ampelisca,,brevicornis,
"Ampelisca diadema","De",101896,exact,Ampelisca diadema,101896,Ampelisca diadema,Animalia,Arthropoda,Malacostraca,Amphipoda,Ampeliscidae,Ampelisca,,diadema,
"Ampelisca macrocephala","De",101908,exact,Ampelisca macrocephala,101908,Ampelisca macrocephala,Animalia,Arthropoda,Malacostraca,Amphipoda,Ampeliscidae,Ampelisca,,macrocephala,
"Ampelisca spinipes","De",101928,exact,Ampelisca spinipes,101928,Ampelisca spinipes,Animalia,Arthropoda,Malacostraca,Amphipoda,Ampeliscidae,Ampelisca,,spinipes,
"Ampelisca tenuicornis","De",101930,exact,Ampelisca tenuicornis,101930,Ampelisca tenuicornis,Animalia,Arthropoda,Malacostraca,Amphipoda,Ampeliscidae,Ampelisca,,tenuicornis,
"Ampelisca typica","De",101933,exact,Ampelisca typica,101933,Ampelisca typica,Animalia,Arthropoda,Malacostraca,Amphipoda,Ampeliscidae,Ampelisca,,typica,
"Ampharete acutifrons","De",129775,exact,Ampharete acutifrons,129775,Ampharete acutifrons,Animalia,Annelida,Polychaeta,Terebellida,Ampharetidae,Ampharete,,acutifrons,
"Amphipholis squamata","Om",125064,exact,Amphipholis squamata,125064,Amphipholis squamata,Animalia,Echinodermata,Ophiuroidea,Amphilepidida,Amphiuridae,Amphipholis,,squamata,
"Amphiura chiajei","De",125073,exact,Amphiura chiajei,125073,Amphiura chiajei,Animalia,Echinodermata,Ophiuroidea,Amphilepidida,Amphiuridae,Amphiura,,chiajei,
"Amphiura filiformis","SuDe",125080,exact,Amphiura filiformis,125080,Amphiura filiformis,Animalia,Echinodermata,Ophiuroidea,Amphilepidida,Amphiuridae,Amphiura,,filiformis,
"Anonyx sarsi","CaSc",102516,exact,Anonyx sarsi,102516,Anonyx sarsi,Animalia,Arthropoda,Malacostraca,Amphipoda,Uristidae,Anonyx,,sarsi,
"Antedon bifida","Su",124201,exact,Antedon bifida,124201,Antedon bifida,Animalia,Echinodermata,Crinoidea,Comatulida,Antedonidae,Antedon,,bifida,
"Aonides paucibranchiata","De",131107,exact,Aonides paucibranchiata,131107,Aonides paucibranchiata,Animalia,Annelida,Polychaeta,Spionida,Spionidae,Aonides,,paucibranchiata,
"Aphelochaeta marioni","De",129938,exact,Aphelochaeta marioni,129938,Aphelochaeta marioni,Animalia,Annelida,Polychaeta,Terebellida,Cirratulidae,Aphelochaeta,,marioni,
"Aphrodita aculeata","CaSc",129840,exact,Aphrodita aculeata,129840,Aphrodita aculeata,Animalia,Annelida,Polychaeta,Phyllodocida,Aphroditidae,Aphrodita,,aculeata,
"Aplysia punctata","He",138758,exact,Aplysia punctata,138758,Aplysia punctata,Animalia,Mollusca,Gastropoda,Aplysiida,Aplysiidae,Aplysia,,punctata,
"Aporrhais pespelecani","De",138760,exact,Aporrhais pespelecani,138760,Aporrhais pespelecani,Animalia,Mollusca,Gastropoda,Littorinimorpha,Aporrhaidae,Aporrhais,,pespelecani,
"Arcopagia crassa","SuDe",141577,exact,Arcopagia crassa,141577,Arcopagia crassa,Animalia,Mollusca,Bivalvia,Cardiida,Tellinidae,Arcopagia,,crassa,
"Arctica islandica","SuDe",138802,exact,Arctica islandica,138802,Arctica islandica,Animalia,Mollusca,Bivalvia,Venerida,Arcticidae,Arctica,,islandica,
"Arenicola defodiens","SuDe",129867,exact,Arenicola defodiens,129867,Arenicola defodiens,Animalia,Annelida,Polychaeta,,Arenicolidae,Arenicola,,defodiens,
"Arenicola marina","SuDe",129868,exact,Arenicola marina,129868,Arenicola marina,Animalia,Annelida,Polychaeta,,Arenicolidae,Arenicola,,marina,
"Arrhis phyllonyx","De",102870,exact,Arrhis phyllonyx,102870,Arrhis phyllonyx,Animalia,Arthropoda,Malacostraca,Amphipoda,Oedicerotidae,Arrhis,,phyllonyx,
"Asbjornsenia pygmaea","De",879714,exact,Asbjornsenia pygmaea,879714,Asbjornsenia pygmaea,Animalia,Mollusca,Bivalvia,Cardiida,Tellinidae,Asbjornsenia,,pygmaea,
"Astarte montagui","Su",138823,exact,Astarte montagui,138823,Astarte montagui,Animalia,Mollusca,Bivalvia,Carditida,Astartidae,Astarte,,montagui,
"Asterias amurensis","CaSc",254497,exact,Asterias amurensis,254497,Asterias amurensis,Animalia,Echinodermata,Asteroidea,Forcipulatida,Asteriidae,Asterias,,amurensis,
"Asterias rubens","CaSc",123776,exact,Asterias rubens,123776,Asterias rubens,Animalia,Echinodermata,Asteroidea,Forcipulatida,Asteriidae,Asterias,,rubens,
"Asterina gibbosa","Om",123987,exact,Asterina gibbosa,123987,Asterina gibbosa,Animalia,Echinodermata,Asteroidea,Valvatida,Asterinidae,Asterina,,gibbosa,
"Astropecten irregularis","CaSc",123867,exact,Astropecten irregularis,123867,Astropecten irregularis,Animalia,Echinodermata,Asteroidea,Paxillosida,Astropectinidae,Astropecten,,irregularis,
"Balanus balanus","Su",106213,exact,Balanus balanus,106213,Balanus balanus,Animalia,Arthropoda,Hexanauplia,Sessilia,Balanidae,Balanus,,balanus,
"Balanus crenatus","Su",106215,exact,Balanus crenatus,106215,Balanus crenatus,Animalia,Arthropoda,Hexanauplia,Sessilia,Balanidae,Balanus,,crenatus,
"Barnea candida","Su",140767,exact,Barnea candida,140767,Barnea candida,Animalia,Mollusca,Bivalvia,Myida,Pholadidae,Barnea,,candida,
"Bathyporeia elegans","De",103058,exact,Bathyporeia elegans,103058,Bathyporeia elegans,Animalia,Arthropoda,Malacostraca,Amphipoda,Bathyporeiidae,Bathyporeia,,elegans,
"Bathyporeia gracilis","De",103059,exact,Bathyporeia gracilis,103059,Bathyporeia gracilis,Animalia,Arthropoda,Malacostraca,Amphipoda,Bathyporeiidae,Bathyporeia,,gracilis,
"Bathyporeia guilliamsoniana","De",103060,exact,Bathyporeia guilliamsoniana,103060,Bathyporeia guilliamsoniana,Animalia,Arthropoda,Malacostraca,Amphipoda,Bathyporeiidae,Bathyporeia,,guilliamsoniana,
"Bathyporeia pelagica","De",103066,exact,Bathyporeia pelagica,103066,Bathyporeia pelagica,Animalia,Arthropoda,Malacostraca,Amphipoda,Bathyporeiidae,Bathyporeia,,pelagica,
"Bathyporeia pilosa","De",103068,exact,Bathyporeia pilosa,103068,Bathyporeia pilosa,Animalia,Arthropoda,Malacostraca,Amphipoda,Bathyporeiidae,Bathyporeia,,pilosa,
"Bathyporeia sarsi","De",103073,exact,Bathyporeia sarsi,103073,Bathyporeia sarsi,Animalia,Arthropoda,Malacostraca,Amphipoda,Bathyporeiidae,Bathyporeia,,sarsi,
"Bathyporeia tenuipes","De",103076,exact,Bathyporeia tenuipes,103076,Bathyporeia tenuipes,Animalia,Arthropoda,Malacostraca,Amphipoda,Bathyporeiidae,Bathyporeia,,tenuipes,
"Bela nebula","CaSc",139217,exact,Bela nebula,139217,Bela nebula,Animalia,Mollusca,Gastropoda,Neogastropoda,Mangeliidae,Bela,,nebula,
"Bodotria arenosa","De",110440,exact,Bodotria arenosa,110440,Bodotria arenosa,Animalia,Arthropoda,Malacostraca,Cumacea,Bodotriidae,Bodotria,,arenosa,
"Bodotria scorpioides","De",110445,exact,Bodotria scorpioides,110445,Bodotria scorpioides,Animalia,Arthropoda,Malacostraca,Cumacea,Bodotriidae,Bodotria,,scorpioides,
"Brissopsis lyrifera","De",124373,exact,Brissopsis lyrifera,124373,Brissopsis lyrifera,Animalia,Echinodermata,Echinoidea,Spatangoida,Brissidae,Brissopsis,,lyrifera,
"Buccinum undatum","CaSc",138878,exact,Buccinum undatum,138878,Buccinum undatum,Animalia,Mollusca,Gastropoda,Neogastropoda,Buccinidae,Buccinum,,undatum,
"Bylgides sarsi","CaSc",130735,exact,Bylgides sarsi,130735,Bylgides sarsi,Animalia,Annelida,Polychaeta,Phyllodocida,Polynoidae,Bylgides,,sarsi,
"Cadlina laevis","CaSc",139134,exact,Cadlina laevis,139134,Cadlina laevis,Animalia,Mollusca,Gastropoda,Nudibranchia,Cadlinidae,Cadlina,,laevis,
"Callianassa subterranea","De",107729,exact,Callianassa subterranea,107729,Callianassa subterranea,Animalia,Arthropoda,Malacostraca,Decapoda,Callianassidae,Callianassa,,subterranea,
"Callista chione","Su",141906,exact,Callista chione,141906,Callista chione,Animalia,Mollusca,Bivalvia,Venerida,Veneridae,Callista,,chione,
"Calocaris macandreae","De",107726,exact,Calocaris macandreae,107726,Calocaris macandreae,Animalia,Arthropoda,Malacostraca,Decapoda,Axiidae,Calocaris,,macandreae,
"Cancer pagurus","CaSc",107276,exact,Cancer pagurus,107276,Cancer pagurus,Animalia,Arthropoda,Malacostraca,Decapoda,Cancridae,Cancer,,pagurus,
"Capitella capitata","De",129876,exact,Capitella capitata,129876,Capitella capitata,Animalia,Annelida,Polychaeta,,Capitellidae,Capitella,,capitata,
"Caprella equilibra","Om",101830,exact,Caprella equilibra,101830,Caprella equilibra,Animalia,Arthropoda,Malacostraca,Amphipoda,Caprellidae,Caprella,,equilibra,
"Caprella grandimana","SuDe",101834,exact,Caprella grandimana,101834,Caprella grandimana,Animalia,Arthropoda,Malacostraca,Amphipoda,Caprellidae,Caprella,,grandimana,
"Caprella septentrionalis","Su",101851,exact,Caprella septentrionalis,101851,Caprella septentrionalis,Animalia,Arthropoda,Malacostraca,Amphipoda,Caprellidae,Caprella,,septentrionalis,
"Carcinus maenas","Om",107381,exact,Carcinus maenas,107381,Carcinus maenas,Animalia,Arthropoda,Malacostraca,Decapoda,Carcinidae,Carcinus,,maenas,
"Cerastoderma edule","Su",138998,exact,Cerastoderma edule,138998,Cerastoderma edule,Animalia,Mollusca,Bivalvia,Cardiida,Cardiidae,Cerastoderma,,edule,
"Cerastoderma glaucum","Su",138999,exact,Cerastoderma glaucum,138999,Cerastoderma glaucum,Animalia,Mollusca,Bivalvia,Cardiida,Cardiidae,Cerastoderma,,glaucum,
"Chaetopterus variopedatus","Su",129914,exact,Chaetopterus variopedatus,129914,Chaetopterus variopedatus,Animalia,Annelida,Polychaeta,,Chaetopteridae,Chaetopterus,,variopedatus,
"Chaetozone setosa","De",129955,exact,Chaetozone setosa,129955,Chaetozone setosa,Animalia,Annelida,Polychaeta,Terebellida,Cirratulidae,Chaetozone,,setosa,
"Chamelea gallina","Su",141907,exact,Chamelea gallina,141907,Chamelea gallina,Animalia,Mollusca,Bivalvia,Venerida,Veneridae,Chamelea,,gallina,
"Chamelea striatula","Su",141908,exact,Chamelea striatula,141908,Chamelea striatula,Animalia,Mollusca,Bivalvia,Venerida,Veneridae,Chamelea,,striatula,
"Cheirocratus sundevallii","De",102798,exact,Cheirocratus sundevallii,102798,Cheirocratus sundevallii,Animalia,Arthropoda,Malacostraca,Amphipoda,Cheirocratidae,Cheirocratus,,sundevallii,
"Chironomus salinarius","De",146803,exact,Chironomus salinarius,146803,Chironomus salinarius,Animalia,Arthropoda,Insecta,Diptera,Chironomidae,Chironomus,,salinarius,
"Clibanarius erythropus","Om",107196,exact,Clibanarius erythropus,107196,Clibanarius erythropus,Animalia,Arthropoda,Malacostraca,Decapoda,Diogenidae,Clibanarius,,erythropus,
"Corbula gibba","SuDe",139410,exact,Corbula gibba,139410,Corbula gibba,Animalia,Mollusca,Bivalvia,Myida,Corbulidae,Corbula,,gibba,
"Corophium arenarium","SuDe",102087,exact,Corophium arenarium,102087,Corophium arenarium,Animalia,Arthropoda,Malacostraca,Amphipoda,Corophiidae,Corophium,,arenarium,
"Corophium multisetosum","SuDe",102096,exact,Corophium multisetosum,102096,Corophium multisetosum,Animalia,Arthropoda,Malacostraca,Amphipoda,Corophiidae,Corophium,,multisetosum,
"Corophium volutator","SuDe",102101,exact,Corophium volutator,102101,Corophium volutator,Animalia,Arthropoda,Malacostraca,Amphipoda,Corophiidae,Corophium,,volutator,
"Corystes cassivelaunus","CaSc",107277,exact,Corystes cassivelaunus,107277,Corystes cassivelaunus,Animalia,Arthropoda,Malacostraca,Decapoda,Corystidae,Corystes,,cassivelaunus,
"Crangon allmanni","CaSc",107551,exact,Crangon allmanni,107551,Crangon allmanni,Animalia,Arthropoda,Malacostraca,Decapoda,Crangonidae,Crangon,,allmanni,
"Crangon crangon","CaSc",107552,exact,Crangon crangon,107552,Crangon crangon,Animalia,Arthropoda,Malacostraca,Decapoda,Crangonidae,Crangon,,crangon,
"Crassicorophium bonellii","Su",237004,exact,Crassicorophium bonellii,237004,Crassicorophium bonellii,Animalia,Arthropoda,Malacostraca,Amphipoda,Corophiidae,Crassicorophium,,bonellii,
"Crossaster papposus","CaSc",124154,exact,Crossaster papposus,124154,Crossaster papposus,Animalia,Echinodermata,Asteroidea,Valvatida,Solasteridae,Crossaster,,papposus,
"Ctenodiscus crispatus","De",123915,exact,Ctenodiscus crispatus,123915,Ctenodiscus crispatus,Animalia,Echinodermata,Asteroidea,Paxillosida,Ctenodiscidae,Ctenodiscus,,crispatus,
"Cumopsis goodsir","De",110465,exact,Cumopsis goodsir,110465,Cumopsis goodsir,Animalia,Arthropoda,Malacostraca,Cumacea,Bodotriidae,Cumopsis,,goodsir,
"Cuthona nana","CaSc",141627,exact,Cuthona nana,141627,Cuthona nana,Animalia,Mollusca,Gastropoda,Nudibranchia,Cuthonidae,Cuthona,,nana,
"Cyathura carinata","Om",118474,exact,Cyathura carinata,118474,Cyathura carinata,Animalia,Arthropoda,Malacostraca,Isopoda,Anthuridae,Cyathura,,carinata,
"Cyclaspis longicaudata","De",110446,exact,Cyclaspis longicaudata,110446,Cyclaspis longicaudata,Animalia,Arthropoda,Malacostraca,Cumacea,Bodotriidae,Cyclaspis,,longicaudata,
"Cymadusa filosa","He",102007,exact,Cymadusa filosa,102007,Cymadusa filosa,Animalia,Arthropoda,Malacostraca,Amphipoda,Ampithoidae,Cymadusa,,filosa,
"Dendronotus frondosus","CaSc",139523,exact,Dendronotus frondosus,139523,Dendronotus frondosus,Animalia,Mollusca,Gastropoda,Nudibranchia,Dendronotidae,Dendronotus,,frondosus,
"Diastylis bradyi","De",110472,exact,Diastylis bradyi,110472,Diastylis bradyi,Animalia,Arthropoda,Malacostraca,Cumacea,Diastylidae,Diastylis,,bradyi,
"Diastylis rathkei","De",110487,exact,Diastylis rathkei,110487,Diastylis rathkei,Animalia,Arthropoda,Malacostraca,Cumacea,Diastylidae,Diastylis,,rathkei,
"Diastyloides serratus","De",110497,exact,Diastyloides serratus,110497,Diastyloides serratus,Animalia,Arthropoda,Malacostraca,Cumacea,Diastylidae,Diastyloides,,serratus,
"Diogenes pugilator","CaSc",107199,exact,Diogenes pugilator,107199,Diogenes pugilator,Animalia,Arthropoda,Malacostraca,Decapoda,Diogenidae,Diogenes,,pugilator,
"Donax trunculus","Su",139602,exact,Donax trunculus,139602,Donax trunculus,Animalia,Mollusca,Bivalvia,Cardiida,Donacidae,Donax,,trunculus,
"Donax vittatus","Su",139604,exact,Donax vittatus,139604,Donax vittatus,Animalia,Mollusca,Bivalvia,Cardiida,Donacidae,Donax,,vittatus,
"Doris pseudoargus","CaSc",181228,exact,Doris pseudoargus,181228,Doris pseudoargus,Animalia,Mollusca,Gastropoda,Nudibranchia,Dorididae,Doris,,pseudoargus,
"Dosinia exoleta","Su",141911,exact,Dosinia exoleta,141911,Dosinia exoleta,Animalia,Mollusca,Bivalvia,Venerida,Veneridae,Dosinia,,exoleta,
"Dosinia lupinus","Su",141912,exact,Dosinia lupinus,141912,Dosinia lupinus,Animalia,Mollusca,Bivalvia,Venerida,Veneridae,Dosinia,,lupinus,
"Doto coronata","CaSc",139631,exact,Doto coronata,139631,Doto coronata,Animalia,Mollusca,Gastropoda,Nudibranchia,Dotidae,Doto,,coronata,
"Dyopedos monacanthus","Su",489646,exact,Dyopedos monacanthus,489646,Dyopedos monacanthus,Animalia,Arthropoda,Malacostraca,Amphipoda,Dulichiidae,Dyopedos,,monacanthus,
"Ebalia cranchii","Om",107294,exact,Ebalia cranchii,107294,Ebalia cranchii,Animalia,Arthropoda,Malacostraca,Decapoda,Leucosiidae,Ebalia,,cranchii,
"Echinocardium cordatum","De",124392,exact,Echinocardium cordatum,124392,Echinocardium cordatum,Animalia,Echinodermata,Echinoidea,Spatangoida,Loveniidae,Echinocardium,,cordatum,
"Echinocyamus pusillus","De",124273,exact,Echinocyamus pusillus,124273,Echinocyamus pusillus,Animalia,Echinodermata,Echinoidea,Clypeasteroida,Echinocyamidae,Echinocyamus,,pusillus,
"Echinogammarus marinus","De",102261,exact,Echinogammarus marinus,102261,Echinogammarus marinus,Animalia,Arthropoda,Malacostraca,Amphipoda,Gammaridae,Echinogammarus,,marinus,
"Echinogammarus obtusatus","De",148595,exact,Echinogammarus obtusatus,148595,Echinogammarus obtusatus,Animalia,Arthropoda,Malacostraca,Amphipoda,Gammaridae,Echinogammarus,,obtusatus,
"Echinus esculentus","Om",124287,exact,Echinus esculentus,124287,Echinus esculentus,Animalia,Echinodermata,Echinoidea,Camarodonta,Echinidae,Echinus,,esculentus,
"Elysia viridis","He",139686,exact,Elysia viridis,139686,Elysia viridis,Animalia,Mollusca,Gastropoda,,Plakobranchidae,Elysia,,viridis,
"Endeis spinosa","De",134674,exact,Endeis spinosa,134674,Endeis spinosa,Animalia,Arthropoda,Pycnogonida,Pantopoda,Endeidae,Endeis,,spinosa,
"Ensis directus","Su",933783,exact,Ensis directus,933783,Ensis directus,Animalia,Mollusca,Bivalvia,Adapedonta,Pharidae,Ensis,,directus,
"Ensis ensis","Su",140733,exact,Ensis ensis,140733,Ensis ensis,Animalia,Mollusca,Bivalvia,Adapedonta,Pharidae,Ensis,,ensis,
"Ensis magnus","Su",160539,exact,Ensis magnus,160539,Ensis magnus,Animalia,Mollusca,Bivalvia,Adapedonta,Pharidae,Ensis,,magnus,
"Ensis siliqua","Su",140735,exact,Ensis siliqua,140735,Ensis siliqua,Animalia,Mollusca,Bivalvia,Adapedonta,Pharidae,Ensis,,siliqua,
"Epitonium clathratulum","CaSc",139718,exact,Epitonium clathratulum,139718,Epitonium clathratulum,Animalia,Mollusca,Gastropoda,[unassigned] Caenogastropoda,Epitoniidae,Epitonium,,clathratulum,
"Erythrops elegans","Om",119997,exact,Erythrops elegans,119997,Erythrops elegans,Animalia,Arthropoda,Malacostraca,Mysida,Mysidae,Erythrops,,elegans,
"Erythrops serratus","Om",852974,exact,Erythrops serratus,852974,Erythrops serratus,Animalia,Arthropoda,Malacostraca,Mysida,Mysidae,Erythrops,,serratus,
"Eteone flava","CaSc",130613,exact,Eteone flava,130613,Eteone flava,Animalia,Annelida,Polychaeta,Phyllodocida,Phyllodocidae,Eteone,,flava,
"Eteone longa","CaSc",130616,exact,Eteone longa,130616,Eteone longa,Animalia,Annelida,Polychaeta,Phyllodocida,Phyllodocidae,Eteone,,longa,
"Eulalia bilineata","CaSc",130624,exact,Eulalia bilineata,130624,Eulalia bilineata,Animalia,Annelida,Polychaeta,Phyllodocida,Phyllodocidae,Eulalia,,bilineata,
"Eumida sanguinea","CaSc",130644,exact,Eumida sanguinea,130644,Eumida sanguinea,Animalia,Annelida,Polychaeta,Phyllodocida,Phyllodocidae,Eumida,,sanguinea,
"Eunereis longissima","Om",130375,exact,Eunereis longissima,130375,Eunereis longissima,Animalia,Annelida,Polychaeta,Phyllodocida,Nereididae,Eunereis,,longissima,
"Eupolymnia nebulosa","De",131489,exact,Eupolymnia nebulosa,131489,Eupolymnia nebulosa,Animalia,Annelida,Polychaeta,Terebellida,Terebellidae,Eupolymnia,,nebulosa,
"Eurydice pulchra","CaSc",118852,exact,Eurydice pulchra,118852,Eurydice pulchra,Animalia,Arthropoda,Malacostraca,Isopoda,Cirolanidae,Eurydice,,pulchra,
"Euspira catena","CaSc",140528,exact,Euspira catena,140528,Euspira catena,Animalia,Mollusca,Gastropoda,Littorinimorpha,Naticidae,Euspira,,catena,
"Euspira nitida","CaSc",151894,exact,Euspira nitida,151894,Euspira nitida,Animalia,Mollusca,Gastropoda,Littorinimorpha,Naticidae,Euspira,,nitida,
"Fabulina fabula","SuDe",146907,exact,Fabulina fabula,146907,Fabulina fabula,Animalia,Mollusca,Bivalvia,Cardiida,Tellinidae,Fabulina,,fabula,
"Flexopecten glaber","Su",236720,exact,Flexopecten glaber,236720,Flexopecten glaber,Animalia,Mollusca,Bivalvia,Pectinida,Pectinidae,Flexopecten,,glaber,
"Gammaropsis maculata","De",102364,exact,Gammaropsis maculata,102364,Gammaropsis maculata,Animalia,Arthropoda,Malacostraca,Amphipoda,Photidae,Gammaropsis,,maculata,
"Gammarus insensibilis","De",102280,exact,Gammarus insensibilis,102280,Gammarus insensibilis,Animalia,Arthropoda,Malacostraca,Amphipoda,Gammaridae,Gammarus,,insensibilis,
"Gammarus locusta","Om",102281,exact,Gammarus locusta,102281,Gammarus locusta,Animalia,Arthropoda,Malacostraca,Amphipoda,Gammaridae,Gammarus,,locusta,
"Gammarus oceanicus","De",102285,exact,Gammarus oceanicus,102285,Gammarus oceanicus,Animalia,Arthropoda,Malacostraca,Amphipoda,Gammaridae,Gammarus,,oceanicus,
"Gammarus salinus","De",102292,exact,Gammarus salinus,102292,Gammarus salinus,Animalia,Arthropoda,Malacostraca,Amphipoda,Gammaridae,Gammarus,,salinus,
"Gammarus zaddachi","He",102299,exact,Gammarus zaddachi,102299,Gammarus zaddachi,Animalia,Arthropoda,Malacostraca,Amphipoda,Gammaridae,Gammarus,,zaddachi,
"Gari fervensis","Su",140870,exact,Gari fervensis,140870,Gari fervensis,Animalia,Mollusca,Bivalvia,Cardiida,Psammobiidae,Gari,,fervensis,
"Gastrosaccus sanctus","Om",120019,exact,Gastrosaccus sanctus,120019,Gastrosaccus sanctus,Animalia,Arthropoda,Malacostraca,Mysida,Mysidae,Gastrosaccus,,sanctus,
"Gastrosaccus spinifer","Om",120020,exact,Gastrosaccus spinifer,120020,Gastrosaccus spinifer,Animalia,Arthropoda,Malacostraca,Mysida,Mysidae,Gastrosaccus,,spinifer,
"Gattyana cirrhosa","CaSc",130749,exact,Gattyana cirrhosa,130749,Gattyana cirrhosa,Animalia,Annelida,Polychaeta,Phyllodocida,Polynoidae,Gattyana,,cirrhosa,
"Glycera alba","CaSc",130116,exact,Glycera alba,130116,Glycera alba,Animalia,Annelida,Polychaeta,Phyllodocida,Glyceridae,Glycera,,alba,
"Glycera tridactyla","CaSc",130130,exact,Glycera tridactyla,130130,Glycera tridactyla,Animalia,Annelida,Polychaeta,Phyllodocida,Glyceridae,Glycera,,tridactyla,
"Glycymeris glycymeris","Su",140025,exact,Glycymeris glycymeris,140025,Glycymeris glycymeris,Animalia,Mollusca,Bivalvia,Arcida,Glycymerididae,Glycymeris,,glycymeris,
"Goniada maculata","CaSc",130140,exact,Goniada maculata,130140,Goniada maculata,Animalia,Annelida,Polychaeta,Phyllodocida,Goniadidae,Goniada,,maculata,
"Gracilechinus acutus","He",532031,exact,Gracilechinus acutus,532031,Gracilechinus acutus,Animalia,Echinodermata,Echinoidea,Camarodonta,Echinidae,Gracilechinus,,acutus,
"Haliotis tuberculata","He",140059,exact,Haliotis tuberculata,140059,Haliotis tuberculata,Animalia,Mollusca,Gastropoda,Lepetellida,Haliotidae,Haliotis,,tuberculata,
"Haminoea orbignyana","He",140076,exact,Haminoea orbignyana,140076,Haminoea orbignyana,Animalia,Mollusca,Gastropoda,Cephalaspidea,Haminoeidae,Haminoea,,orbignyana,
"Haploops nirae","Su",101951,exact,Haploops nirae,101951,Haploops nirae,Animalia,Arthropoda,Malacostraca,Amphipoda,Ampeliscidae,Haploops,,nirae,
"Haploops tenuis","Su",101957,exact,Haploops tenuis,101957,Haploops tenuis,Animalia,Arthropoda,Malacostraca,Amphipoda,Ampeliscidae,Haploops,,tenuis,
"Haploops tubicola","Su",101958,exact,Haploops tubicola,101958,Haploops tubicola,Animalia,Arthropoda,Malacostraca,Amphipoda,Ampeliscidae,Haploops,,tubicola,
"Harmothoe imbricata","CaSc",130769,exact,Harmothoe imbricata,130769,Harmothoe imbricata,Animalia,Annelida,Polychaeta,Phyllodocida,Polynoidae,Harmothoe,,imbricata,
"Harmothoe impar","CaSc",130770,exact,Harmothoe impar,130770,Harmothoe impar,Animalia,Annelida,Polychaeta,Phyllodocida,Polynoidae,Harmothoe,,impar,
"Harpinia antennaria","Om",102960,exact,Harpinia antennaria,102960,Harpinia antennaria,Animalia,Arthropoda,Malacostraca,Amphipoda,Phoxocephalidae,Harpinia,,antennaria,
"Haustorius arenarius","SuDe",102317,exact,Haustorius arenarius,102317,Haustorius arenarius,Animalia,Arthropoda,Malacostraca,Amphipoda,Haustoriidae,Haustorius,,arenarius,
"Hediste diversicolor","Om",152302,exact,Hediste diversicolor,152302,Hediste diversicolor,Animalia,Annelida,Polychaeta,Phyllodocida,Nereididae,Hediste,,diversicolor,
"Hemilamprops roseus","SuDe",110514,exact,Hemilamprops roseus,110514,Hemilamprops roseus,Animalia,Arthropoda,Malacostraca,Cumacea,Lampropidae,Hemilamprops,,roseus,
"Hemimysis lamornae","Su",120026,exact,Hemimysis lamornae,120026,Hemimysis lamornae,Animalia,Arthropoda,Malacostraca,Mysida,Mysidae,Hemimysis,,lamornae,
"Hermania scabra","CaSc",867492,exact,Hermania scabra,867492,Hermania scabra,Animalia,Mollusca,Gastropoda,Cephalaspidea,Philinidae,Hermania,,scabra,
"Heteromastus filiformis","De",129884,exact,Heteromastus filiformis,129884,Heteromastus filiformis,Animalia,Annelida,Polychaeta,,Capitellidae,Heteromastus,,filiformis,
"Heteromysis (Heteromysis) formosa","Om",148701,exact,Heteromysis (Heteromysis) formosa,148701,Heteromysis (Heteromysis) formosa,Animalia,Arthropoda,Malacostraca,Mysida,Mysidae,Heteromysis,Heteromysis,formosa,
"Hiatella arctica","Su",140103,exact,Hiatella arctica,140103,Hiatella arctica,Animalia,Mollusca,Bivalvia,Adapedonta,Hiatellidae,Hiatella,,arctica,
"Homarus gammarus","CaSc",107253,exact,Homarus gammarus,107253,Homarus gammarus,Animalia,Arthropoda,Malacostraca,Decapoda,Nephropidae,Homarus,,gammarus,
"Hypereteone foliosa","CaSc",152250,exact,Hypereteone foliosa,152250,Hypereteone foliosa,Animalia,Annelida,Polychaeta,Phyllodocida,Phyllodocidae,Hypereteone,,foliosa,
"Idotea balthica","De",119039,exact,Idotea balthica,119039,Idotea balthica,Animalia,Arthropoda,Malacostraca,Isopoda,Idoteidae,Idotea,,balthica,
"Idotea chelipes","De",119042,exact,Idotea chelipes,119042,Idotea chelipes,Animalia,Arthropoda,Malacostraca,Isopoda,Idoteidae,Idotea,,chelipes,
"Idotea granulosa","He",119044,exact,Idotea granulosa,119044,Idotea granulosa,Animalia,Arthropoda,Malacostraca,Isopoda,Idoteidae,Idotea,,granulosa,
"Idotea linearis","Om",119046,exact,Idotea linearis,119046,Idotea linearis,Animalia,Arthropoda,Malacostraca,Isopoda,Idoteidae,Idotea,,linearis,
"Idotea pelagica","He",119050,exact,Idotea pelagica,119050,Idotea pelagica,Animalia,Arthropoda,Malacostraca,Isopoda,Idoteidae,Idotea,,pelagica,
"Iphinoe trispinosa","De",110462,exact,Iphinoe trispinosa,110462,Iphinoe trispinosa,Animalia,Arthropoda,Malacostraca,Cumacea,Bodotriidae,Iphinoe,,trispinosa,
"Jaera (Jaera) albifrons","De",264171,exact,Jaera (Jaera) albifrons,264171,Jaera (Jaera) albifrons,Animalia,Arthropoda,Malacostraca,Isopoda,Janiridae,Jaera,Jaera,albifrons,
"Jassa falcata","Su",102431,exact,Jassa falcata,102431,Jassa falcata,Animalia,Arthropoda,Malacostraca,Amphipoda,Ischyroceridae,Jassa,,falcata,
"Jassa marmorata","Su",102433,exact,Jassa marmorata,102433,Jassa marmorata,Animalia,Arthropoda,Malacostraca,Amphipoda,Ischyroceridae,Jassa,,marmorata,
"Kefersteinia cirrhata","CaSc",130164,exact,Kefersteinia cirrhata,152249,Psamathe fusca,Animalia,Annelida,Polychaeta,Phyllodocida,Hesionidae,Kefersteinia,,cirrhata,
"Kellia suborbicularis","De",140161,exact,Kellia suborbicularis,140161,Kellia suborbicularis,Animalia,Mollusca,Bivalvia,,Lasaeidae,Kellia,,suborbicularis,
"Kurtiella bidentata","De",345281,exact,Kurtiella bidentata,345281,Kurtiella bidentata,Animalia,Mollusca,Bivalvia,,Lasaeidae,Kurtiella,,bidentata,
"Lacuna pallidula","He",140168,exact,Lacuna pallidula,140168,Lacuna pallidula,Animalia,Mollusca,Gastropoda,Littorinimorpha,Littorinidae,Lacuna,,pallidula,
"Lacuna parva","He",140169,exact,Lacuna parva,140169,Lacuna parva,Animalia,Mollusca,Gastropoda,Littorinimorpha,Littorinidae,Lacuna,,parva,
"Lacuna vincta","He",140170,exact,Lacuna vincta,140170,Lacuna vincta,Animalia,Mollusca,Gastropoda,Littorinimorpha,Littorinidae,Lacuna,,vincta,
"Lagis koreni","De",152367,exact,Lagis koreni,152367,Lagis koreni,Animalia,Annelida,Polychaeta,Terebellida,Pectinariidae,Lagis,,koreni,
"Lamprops fasciatus","SuDe",110516,exact,Lamprops fasciatus,110516,Lamprops fasciatus,Animalia,Arthropoda,Malacostraca,Cumacea,Lampropidae,Lamprops,,fasciatus,
"Lanice conchilega","SuDe",131495,exact,Lanice conchilega,131495,Lanice conchilega,Animalia,Annelida,Polychaeta,Terebellida,Terebellidae,Lanice,,conchilega,
"Laonice cirrata","De",131128,exact,Laonice cirrata,131128,Laonice cirrata,Animalia,Annelida,Polychaeta,Spionida,Spionidae,Laonice,,cirrata,
"Lasaea adansoni","Su",178911,exact,Lasaea adansoni,178911,Lasaea adansoni,Animalia,Mollusca,Bivalvia,,Lasaeidae,Lasaea,,adansoni,
"Lembos websteri","Su",102033,exact,Lembos websteri,102033,Lembos websteri,Animalia,Arthropoda,Malacostraca,Amphipoda,Aoridae,Lembos,,websteri,
"Lepidochitona cinerea","Om",152774,exact,Lepidochitona cinerea,152774,Lepidochitona cinerea,Animalia,Mollusca,Polyplacophora,Chitonida,Lepidochitonidae,Lepidochitona,,cinerea,
"Lepidonotus squamatus","Om",130801,exact,Lepidonotus squamatus,130801,Lepidonotus squamatus,Animalia,Annelida,Polychaeta,Phyllodocida,Polynoidae,Lepidonotus,,squamatus,
"Leptomysis gracilis","De",120052,exact,Leptomysis gracilis,120052,Leptomysis gracilis,Animalia,Arthropoda,Malacostraca,Mysida,Mysidae,Leptomysis,,gracilis,
"Leptosynapta inhaerens","De",124465,exact,Leptosynapta inhaerens,124465,Leptosynapta inhaerens,Animalia,Echinodermata,Holothuroidea,Apodida,Synaptidae,Leptosynapta,,inhaerens,
"Leucon (Leucon) affinis","De",160615,exact,Leucon (Leucon) affinis,160615,Leucon (Leucon) affinis,Animalia,Arthropoda,Malacostraca,Cumacea,Leuconidae,Leucon,Leucon,affinis,
"Leucon (Leucon) nasica","De",110618,exact,Leucon (Leucon) nasica,110618,Leucon (Leucon) nasica,Animalia,Arthropoda,Malacostraca,Cumacea,Leuconidae,Leucon,Leucon,nasica,
"Leucon (Macrauloleucon) siphonatus","De",110623,exact,Leucon (Macrauloleucon) siphonatus,110623,Leucon (Macrauloleucon) siphonatus,Animalia,Arthropoda,Malacostraca,Cumacea,Leuconidae,Leucon,Macrauloleucon,siphonatus,
"Limapontia capitata","He",140229,exact,Limapontia capitata,140229,Limapontia capitata,Animalia,Mollusca,Gastropoda,,Limapontiidae,Limapontia,,capitata,
"Limapontia depressa","He",140230,exact,Limapontia depressa,140230,Limapontia depressa,Animalia,Mollusca,Gastropoda,,Limapontiidae,Limapontia,,depressa,
"Limecola balthica","SuDe",880017,exact,Limecola balthica,880017,Limecola balthica,Animalia,Mollusca,Bivalvia,Cardiida,Tellinidae,Limecola,,balthica,
"Liocarcinus navigator","CaSc",107392,exact,Liocarcinus navigator,107392,Liocarcinus navigator,Animalia,Arthropoda,Malacostraca,Decapoda,Polybiidae,Liocarcinus,,navigator,
"Littorina fabalis","He",140261,exact,Littorina fabalis,140261,Littorina fabalis,Animalia,Mollusca,Gastropoda,Littorinimorpha,Littorinidae,Littorina,,fabalis,
"Littorina littorea","Om",140262,exact,Littorina littorea,140262,Littorina littorea,Animalia,Mollusca,Gastropoda,Littorinimorpha,Littorinidae,Littorina,,littorea,
"Littorina obtusata","He",140263,exact,Littorina obtusata,140263,Littorina obtusata,Animalia,Mollusca,Gastropoda,Littorinimorpha,Littorinidae,Littorina,,obtusata,
"Littorina saxatilis","He",140264,exact,Littorina saxatilis,140264,Littorina saxatilis,Animalia,Mollusca,Gastropoda,Littorinimorpha,Littorinidae,Littorina,,saxatilis,
"Lucinoma borealis","Su",140283,exact,Lucinoma borealis,140283,Lucinoma borealis,Animalia,Mollusca,Bivalvia,Lucinida,Lucinidae,Lucinoma,,borealis,
"Lumbrineris latreilli","CaSc",130248,exact,Lumbrineris latreilli,130248,Lumbrineris latreilli,Animalia,Annelida,Polychaeta,Eunicida,Lumbrineridae,Lumbrineris,,latreilli,
"Lutraria lutraria","Su",140295,exact,Lutraria lutraria,140295,Lutraria lutraria,Animalia,Mollusca,Bivalvia,,Mactridae,Lutraria,,lutraria,
"Lysmata seticaudata","CaSc",107528,exact,Lysmata seticaudata,107528,Lysmata seticaudata,Animalia,Arthropoda,Malacostraca,Decapoda,Lysmatidae,Lysmata,,seticaudata,
"Macomangulus tenuis","SuDe",878470,exact,Macomangulus tenuis,878470,Macomangulus tenuis,Animalia,Mollusca,Bivalvia,Cardiida,Tellinidae,Macomangulus,,tenuis,
"Macropodia rostrata","Om",107345,exact,Macropodia rostrata,107345,Macropodia rostrata,Animalia,Arthropoda,Malacostraca,Decapoda,Inachidae,Macropodia,,rostrata,
"Mactra stultorum","Su",140299,exact,Mactra stultorum,140299,Mactra stultorum,Animalia,Mollusca,Bivalvia,,Mactridae,Mactra,,stultorum,
"Magelona filiformis","De",130268,exact,Magelona filiformis,130268,Magelona filiformis,Animalia,Annelida,Polychaeta,,Magelonidae,Magelona,,filiformis,
"Magelona johnstoni","De",130269,exact,Magelona johnstoni,130269,Magelona johnstoni,Animalia,Annelida,Polychaeta,,Magelonidae,Magelona,,johnstoni,
"Magelona mirabilis","Om",130271,exact,Magelona mirabilis,130271,Magelona mirabilis,Animalia,Annelida,Polychaeta,,Magelonidae,Magelona,,mirabilis,
"Maja brachydactyla","Om",107347,exact,Maja brachydactyla,107347,Maja brachydactyla,Animalia,Arthropoda,Malacostraca,Decapoda,Majidae,Maja,,brachydactyla,
"Maja squinado","Om",107350,exact,Maja squinado,107350,Maja squinado,Animalia,Arthropoda,Malacostraca,Decapoda,Majidae,Maja,,squinado,
"Malacoceros fuliginosus","SuDe",131131,exact,Malacoceros fuliginosus,131131,Malacoceros fuliginosus,Animalia,Annelida,Polychaeta,Spionida,Spionidae,Malacoceros,,fuliginosus,
"Malmgrenia lunulata","CaSc",155194,exact,Malmgrenia lunulata,155194,Malmgrenia lunulata,Animalia,Annelida,Polychaeta,Phyllodocida,Polynoidae,Malmgrenia,,lunulata,
"Manayunkia aestuarina","SuDe",130926,exact,Manayunkia aestuarina,130926,Manayunkia aestuarina,Animalia,Annelida,Polychaeta,Sabellida,Fabriciidae,Manayunkia,,aestuarina,
"Marthasterias glacialis","CaSc",123803,exact,Marthasterias glacialis,123803,Marthasterias glacialis,Animalia,Echinodermata,Asteroidea,Forcipulatida,Asteriidae,Marthasterias,,glacialis,
"Mediomastus fragilis","De",129892,exact,Mediomastus fragilis,129892,Mediomastus fragilis,Animalia,Annelida,Polychaeta,,Capitellidae,Mediomastus,,fragilis,
"Megaluropus agilis","De",102783,exact,Megaluropus agilis,102783,Megaluropus agilis,Animalia,Arthropoda,Malacostraca,Amphipoda,Megaluropidae,Megaluropus,,agilis,
"Melita palmata","De",102843,exact,Melita palmata,102843,Melita palmata,Animalia,Arthropoda,Malacostraca,Amphipoda,Melitidae,Melita,,palmata,
"Mesopodopsis slabberi","Om",120072,exact,Mesopodopsis slabberi,120072,Mesopodopsis slabberi,Animalia,Arthropoda,Malacostraca,Mysida,Mysidae,Mesopodopsis,,slabberi,
"Microdeutopus gryllotalpa","De",102048,exact,Microdeutopus gryllotalpa,102048,Microdeutopus gryllotalpa,Animalia,Arthropoda,Malacostraca,Amphipoda,Aoridae,Microdeutopus,,gryllotalpa,
"Mimachlamys varia","Su",236719,exact,Mimachlamys varia,236719,Mimachlamys varia,Animalia,Mollusca,Bivalvia,Pectinida,Pectinidae,Mimachlamys,,varia,
"Modiolus barbatus","Su",140464,exact,Modiolus barbatus,140464,Modiolus barbatus,Animalia,Mollusca,Bivalvia,Mytilida,Mytilidae,Modiolus,,barbatus,
"Modiolus modiolus","Su",140467,exact,Modiolus modiolus,140467,Modiolus modiolus,Animalia,Mollusca,Bivalvia,Mytilida,Mytilidae,Modiolus,,modiolus,
"Monocorophium insidiosum","Su",148592,exact,Monocorophium insidiosum,148592,Monocorophium insidiosum,Animalia,Arthropoda,Malacostraca,Amphipoda,Corophiidae,Monocorophium,,insidiosum,
"Monoporeia affinis","De",103077,exact,Monoporeia affinis,103077,Monoporeia affinis,Animalia,Arthropoda,Malacostraca,Amphipoda,Pontoporeiidae,Monoporeia,,affinis,
"Musculus discors","SuDe",140472,exact,Musculus discors,140472,Musculus discors,Animalia,Mollusca,Bivalvia,Mytilida,Mytilidae,Musculus,,discors,
"Mya arenaria","Su",140430,exact,Mya arenaria,140430,Mya arenaria,Animalia,Mollusca,Bivalvia,Myida,Myidae,Mya,,arenaria,
"Mya truncata","Su",140431,exact,Mya truncata,140431,Mya truncata,Animalia,Mollusca,Bivalvia,Myida,Myidae,Mya,,truncata,
"Mysia undata","Su",140728,exact,Mysia undata,140728,Mysia undata,Animalia,Mollusca,Bivalvia,Venerida,Veneridae,Mysia,,undata,
"Mysis mixta","Su",120113,exact,Mysis mixta,120113,Mysis mixta,Animalia,Arthropoda,Malacostraca,Mysida,Mysidae,Mysis,,mixta,
"Mytilus edulis","Su",140480,exact,Mytilus edulis,140480,Mytilus edulis,Animalia,Mollusca,Bivalvia,Mytilida,Mytilidae,Mytilus,,edulis,
"Mytilus trossulus","Su",140482,exact,Mytilus trossulus,140482,Mytilus trossulus,Animalia,Mollusca,Bivalvia,Mytilida,Mytilidae,Mytilus,,trossulus,
"Natatolana borealis","CaSc",118859,exact,Natatolana borealis,118859,Natatolana borealis,Animalia,Arthropoda,Malacostraca,Isopoda,Cirolanidae,Natatolana,,borealis,
"Neomysis integer","Om",120136,exact,Neomysis integer,120136,Neomysis integer,Animalia,Arthropoda,Malacostraca,Mysida,Mysidae,Neomysis,,integer,
"Nephrops norvegicus","CaSc",107254,exact,Nephrops norvegicus,107254,Nephrops norvegicus,Animalia,Arthropoda,Malacostraca,Decapoda,Nephropidae,Nephrops,,norvegicus,
"Nephtys caeca","CaSc",130355,exact,Nephtys caeca,130355,Nephtys caeca,Animalia,Annelida,Polychaeta,Phyllodocida,Nephtyidae,Nephtys,,caeca,
"Nephtys cirrosa","CaSc",130357,exact,Nephtys cirrosa,130357,Nephtys cirrosa,Animalia,Annelida,Polychaeta,Phyllodocida,Nephtyidae,Nephtys,,cirrosa,
"Nephtys hombergii","CaSc",130359,exact,Nephtys hombergii,130359,Nephtys hombergii,Animalia,Annelida,Polychaeta,Phyllodocida,Nephtyidae,Nephtys,,hombergii,
"Neptunea antiqua","CaSc",138920,exact,Neptunea antiqua,138920,Neptunea antiqua,Animalia,Mollusca,Gastropoda,Neogastropoda,Buccinidae,Neptunea,,antiqua,
"Notomastus latericeus","De",129898,exact,Notomastus latericeus,129898,Notomastus latericeus,Animalia,Annelida,Polychaeta,,Capitellidae,Notomastus,,latericeus,
"Nucella lapillus","CaSc",140403,exact,Nucella lapillus,140403,Nucella lapillus,Animalia,Mollusca,Gastropoda,Neogastropoda,Muricidae,Nucella,,lapillus,
"Nucula nitidosa","De",140589,exact,Nucula nitidosa,140589,Nucula nitidosa,Animalia,Mollusca,Bivalvia,Nuculida,Nuculidae,Nucula,,nitidosa,
"Nucula nucleus","De",140590,exact,Nucula nucleus,140590,Nucula nucleus,Animalia,Mollusca,Bivalvia,Nuculida,Nuculidae,Nucula,,nucleus,
"Nucula turgida","De",152274,exact,Nucula turgida,152274,Nucula turgida,Animalia,Mollusca,Bivalvia,Nuculida,Nuculidae,Nucula,,turgida,
"Nymphon gracile","Pa",134687,exact,Nymphon gracile,134687,Nymphon gracile,Animalia,Arthropoda,Pycnogonida,Pantopoda,Nymphonidae,Nymphon,,gracile,
"Ocenebra erinaceus","CaSc",140405,exact,Ocenebra erinaceus,140405,Ocenebra erinaceus,Animalia,Mollusca,Gastropoda,Neogastropoda,Muricidae,Ocenebra,,erinaceus,
"Onchidoris bilamellata","CaSc",150457,exact,Onchidoris bilamellata,150457,Onchidoris bilamellata,Animalia,Mollusca,Gastropoda,Nudibranchia,Onchidorididae,Onchidoris,,bilamellata,
"Onchidoris muricata","CaSc",140640,exact,Onchidoris muricata,140640,Onchidoris muricata,Animalia,Mollusca,Gastropoda,Nudibranchia,Onchidorididae,Onchidoris,,muricata,
"Ophelia bicornis","De",130490,exact,Ophelia bicornis,130490,Ophelia bicornis,Animalia,Annelida,Polychaeta,,Opheliidae,Ophelia,,bicornis,
"Ophiothrix fragilis","Su",125131,exact,Ophiothrix fragilis,125131,Ophiothrix fragilis,Animalia,Echinodermata,Ophiuroidea,Amphilepidida,Ophiotrichidae,Ophiothrix,,fragilis,
"Ophiura albida","Om",124913,exact,Ophiura albida,124913,Ophiura albida,Animalia,Echinodermata,Ophiuroidea,Ophiurida,Ophiuridae,Ophiura,,albida,
"Ophiura ophiura","CaSc",124929,exact,Ophiura ophiura,124929,Ophiura ophiura,Animalia,Echinodermata,Ophiuroidea,Ophiurida,Ophiuridae,Ophiura,,ophiura,
"Orchomenella minuta","CaSc",102690,exact,Orchomenella minuta,102690,Orchomenella minuta,Animalia,Arthropoda,Malacostraca,Amphipoda,Tryphosidae,Orchomenella,,minuta,
"Ostrea edulis","Su",140658,exact,Ostrea edulis,140658,Ostrea edulis,Animalia,Mollusca,Bivalvia,Ostreida,Ostreidae,Ostrea,,edulis,
"Owenia fusiformis","SuDe",130544,exact,Owenia fusiformis,130544,Owenia fusiformis,Animalia,Annelida,Polychaeta,Sabellida,Oweniidae,Owenia,,fusiformis,
"Oxydromus flexuosus","CaSc",710680,exact,Oxydromus flexuosus,710680,Oxydromus flexuosus,Animalia,Annelida,Polychaeta,Phyllodocida,Hesionidae,Oxydromus,,flexuosus,
"Pachygrapsus marmoratus","Om",107455,exact,Pachygrapsus marmoratus,107455,Pachygrapsus marmoratus,Animalia,Arthropoda,Malacostraca,Decapoda,Grapsidae,Pachygrapsus,,marmoratus,
"Pagurus bernhardus","CaSc",107232,exact,Pagurus bernhardus,107232,Pagurus bernhardus,Animalia,Arthropoda,Malacostraca,Decapoda,Paguridae,Pagurus,,bernhardus,
"Palaemon adspersus","Om",107613,exact,Palaemon adspersus,107613,Palaemon adspersus,Animalia,Arthropoda,Malacostraca,Decapoda,Palaemonidae,Palaemon,,adspersus,
"Palaemon elegans","Om",107614,exact,Palaemon elegans,107614,Palaemon elegans,Animalia,Arthropoda,Malacostraca,Decapoda,Palaemonidae,Palaemon,,elegans,
"Palaemon serratus","Om",107616,exact,Palaemon serratus,107616,Palaemon serratus,Animalia,Arthropoda,Malacostraca,Decapoda,Palaemonidae,Palaemon,,serratus,
"Palio dubia","CaSc",182807,exact,Palio dubia,182807,Palio dubia,Animalia,Mollusca,Gastropoda,Nudibranchia,Polyceridae,Palio,,dubia,
"Pandalus borealis","CaSc",107649,exact,Pandalus borealis,107649,Pandalus borealis,Animalia,Arthropoda,Malacostraca,Decapoda,Pandalidae,Pandalus,,borealis,
"Pandalus montagui","CaSc",107651,exact,Pandalus montagui,107651,Pandalus montagui,Animalia,Arthropoda,Malacostraca,Decapoda,Pandalidae,Pandalus,,montagui,
"Paracentrotus lividus","He",124316,exact,Paracentrotus lividus,124316,Paracentrotus lividus,Animalia,Echinodermata,Echinoidea,Camarodonta,Parechinidae,Paracentrotus,,lividus,
"Paramysis arenosa","Om",120144,exact,Paramysis arenosa,120144,Paramysis arenosa,Animalia,Arthropoda,Malacostraca,Mysida,Mysidae,Paramysis,,arenosa,
"Paraonis fulgens","De",146932,exact,Paraonis fulgens,146932,Paraonis fulgens,Animalia,Annelida,Polychaeta,,Paraonidae,Paraonis,,fulgens,
"Pasiphaea sivado","CaSc",107677,exact,Pasiphaea sivado,107677,Pasiphaea sivado,Animalia,Arthropoda,Malacostraca,Decapoda,Pasiphaeidae,Pasiphaea,,sivado,
"Pecten maximus","Su",140712,exact,Pecten maximus,140712,Pecten maximus,Animalia,Mollusca,Bivalvia,Pectinida,Pectinidae,Pecten,,maximus,
"Perforatus perforatus","Su",535477,exact,Perforatus perforatus,535477,Perforatus perforatus,Animalia,Arthropoda,Hexanauplia,Sessilia,Balanidae,Perforatus,,perforatus,
"Peringia ulvae","De",151628,exact,Peringia ulvae,151628,Peringia ulvae,Animalia,Mollusca,Gastropoda,Littorinimorpha,Hydrobiidae,Peringia,,ulvae,
"Perioculodes longimanus","Om",102915,exact,Perioculodes longimanus,102915,Perioculodes longimanus,Animalia,Arthropoda,Malacostraca,Amphipoda,Oedicerotidae,Perioculodes,,longimanus,
"Pestarella tyrrhena","De",238027,exact,Pestarella tyrrhena,238027,Pestarella tyrrhena,Animalia,Arthropoda,Malacostraca,Decapoda,Callianassidae,Pestarella,,tyrrhena,
"Phaxas pellucidus","Su",140737,exact,Phaxas pellucidus,140737,Phaxas pellucidus,Animalia,Mollusca,Bivalvia,Adapedonta,Pharidae,Phaxas,,pellucidus,
"Philine aperta","CaSc",140744,exact,Philine aperta,140744,Philine aperta,Animalia,Mollusca,Gastropoda,Cephalaspidea,Philinidae,Philine,,aperta,
"Philine denticulata","De",140750,exact,Philine denticulata,140750,Philine denticulata,Animalia,Mollusca,Gastropoda,Cephalaspidea,Philinidae,Philine,,denticulata,
"Philocheras trispinosus","CaSc",107562,exact,Philocheras trispinosus,107562,Philocheras trispinosus,Animalia,Arthropoda,Malacostraca,Decapoda,Crangonidae,Philocheras,,trispinosus,
"Pholoe minuta","CaSc",130603,exact,Pholoe minuta,130603,Pholoe minuta,Animalia,Annelida,Polychaeta,Phyllodocida,Pholoidae,Pholoe,,minuta,
"Phorcus lineatus","Om",689176,exact,Phorcus lineatus,689176,Phorcus lineatus,Animalia,Mollusca,Gastropoda,Trochida,Trochidae,Phorcus,,lineatus,
"Phoronis muelleri","Su",128549,exact,Phoronis muelleri,128549,Phoronis muelleri,Animalia,Phoronida,,,Phoronidae,Phoronis,,muelleri,
"Phoronis pallida","Su",128551,exact,Phoronis pallida,128551,Phoronis pallida,Animalia,Phoronida,,,Phoronidae,Phoronis,,pallida,
"Phoronis psammophila","Su",128552,exact,Phoronis psammophila,128552,Phoronis psammophila,Animalia,Phoronida,,,Phoronidae,Phoronis,,psammophila,
"Photis longicaudata","De",102383,exact,Photis longicaudata,102383,Photis longicaudata,Animalia,Arthropoda,Malacostraca,Amphipoda,Photidae,Photis,,longicaudata,
"Photis reinhardi","Su",102387,exact,Photis reinhardi,102387,Photis reinhardi,Animalia,Arthropoda,Malacostraca,Amphipoda,Photidae,Photis,,reinhardi,
"Phoxichilidium femoratum","Pa",134741,exact,Phoxichilidium femoratum,134741,Phoxichilidium femoratum,Animalia,Arthropoda,Pycnogonida,Pantopoda,Phoxichilidiidae,Phoxichilidium,,femoratum,
"Phyllodoce mucosa","CaSc",334512,exact,Phyllodoce mucosa,334512,Phyllodoce mucosa,Animalia,Annelida,Polychaeta,Phyllodocida,Phyllodocidae,Phyllodoce,,mucosa,
"Pisidia longicornis","Su",107188,exact,Pisidia longicornis,107188,Pisidia longicornis,Animalia,Arthropoda,Malacostraca,Decapoda,Porcellanidae,Pisidia,,longicornis,
"Pisione remota","CaSc",130707,exact,Pisione remota,130707,Pisione remota,Animalia,Annelida,Polychaeta,Phyllodocida,Sigalionidae,Pisione,,remota,
"Platysympus typicus","De",110522,exact,Platysympus typicus,110522,Platysympus typicus,Animalia,Arthropoda,Malacostraca,Cumacea,Lampropidae,Platysympus,,typicus,
"Poecilochaetus serpens","SuDe",130711,exact,Poecilochaetus serpens,130711,Poecilochaetus serpens,Animalia,Annelida,Polychaeta,Spionida,Poecilochaetidae,Poecilochaetus,,serpens,
"Polititapes rhomboides","Su",745846,exact,Polititapes rhomboides,745846,Polititapes rhomboides,Animalia,Mollusca,Bivalvia,Venerida,Veneridae,Polititapes,,rhomboides,
"Polydora ciliata","SuDe",131141,exact,Polydora ciliata,131141,Polydora ciliata,Animalia,Annelida,Polychaeta,Spionida,Spionidae,Polydora,,ciliata,
"Polydora cornuta","SuDe",131143,exact,Polydora cornuta,131143,Polydora cornuta,Animalia,Annelida,Polychaeta,Spionida,Spionidae,Polydora,,cornuta,
"Pontocrates altamarinus","Om",102916,exact,Pontocrates altamarinus,102916,Pontocrates altamarinus,Animalia,Arthropoda,Malacostraca,Amphipoda,Oedicerotidae,Pontocrates,,altamarinus,
"Pontocrates arcticus","Om",102917,exact,Pontocrates arcticus,102917,Pontocrates arcticus,Animalia,Arthropoda,Malacostraca,Amphipoda,Oedicerotidae,Pontocrates,,arcticus,
"Pontocrates arenarius","Om",102918,exact,Pontocrates arenarius,102918,Pontocrates arenarius,Animalia,Arthropoda,Malacostraca,Amphipoda,Oedicerotidae,Pontocrates,,arenarius,
"Pontoporeia femorata","De",103079,exact,Pontoporeia femorata,103079,Pontoporeia femorata,Animalia,Arthropoda,Malacostraca,Amphipoda,Pontoporeiidae,Pontoporeia,,femorata,
"Portumnus latipes","Om",107400,exact,Portumnus latipes,107400,Portumnus latipes,Animalia,Arthropoda,Malacostraca,Decapoda,Carcinidae,Portumnus,,latipes,
"Praunus flexuosus","Om",120177,exact,Praunus flexuosus,120177,Praunus flexuosus,Animalia,Arthropoda,Malacostraca,Mysida,Mysidae,Praunus,,flexuosus,
"Praunus inermis","Om",120178,exact,Praunus inermis,120178,Praunus inermis,Animalia,Arthropoda,Malacostraca,Mysida,Mysidae,Praunus,,inermis,
"Praunus neglectus","Om",120180,exact,Praunus neglectus,120180,Praunus neglectus,Animalia,Arthropoda,Malacostraca,Mysida,Mysidae,Praunus,,neglectus,
"Prionospio cirrifera","De",131153,exact,Prionospio cirrifera,131153,Prionospio cirrifera,Animalia,Annelida,Polychaeta,Spionida,Spionidae,Prionospio,,cirrifera,
"Psammechinus miliaris","Om",124319,exact,Psammechinus miliaris,124319,Psammechinus miliaris,Animalia,Echinodermata,Echinoidea,Camarodonta,Parechinidae,Psammechinus,,miliaris,
"Pseudocuma (Pseudocuma) longicorne","De",110627,exact,Pseudocuma (Pseudocuma) longicorne,110627,Pseudocuma (Pseudocuma) longicorne,Animalia,Arthropoda,Malacostraca,Cumacea,Pseudocumatidae,Pseudocuma,Pseudocuma,longicorne,
"Pseudopotamilla reniformis","Su",130963,exact,Pseudopotamilla reniformis,130963,Pseudopotamilla reniformis,Animalia,Annelida,Polychaeta,Sabellida,Sabellidae,Pseudopotamilla,,reniformis,
"Pycnogonum litorale","Pa",239867,exact,Pycnogonum litorale,239867,Pycnogonum litorale,Animalia,Arthropoda,Pycnogonida,Pantopoda,Pycnogonidae,Pycnogonum,,litorale,
"Pygospio elegans","Om",131170,exact,Pygospio elegans,131170,Pygospio elegans,Animalia,Annelida,Polychaeta,Spionida,Spionidae,Pygospio,,elegans,
"Retusa obtusa","CaSc",141134,exact,Retusa obtusa,141134,Retusa obtusa,Animalia,Mollusca,Gastropoda,Cephalaspidea,Retusidae,Retusa,,obtusa,
"Rissoides desmaresti","CaSc",136135,exact,Rissoides desmaresti,136135,Rissoides desmaresti,Animalia,Arthropoda,Malacostraca,Stomatopoda,Squillidae,Rissoides,,desmaresti,
"Ruditapes decussatus","SuDe",231749,exact,Ruditapes decussatus,231749,Ruditapes decussatus,Animalia,Mollusca,Bivalvia,Venerida,Veneridae,Ruditapes,,decussatus,
"Sabellaria spinulosa","Su",130867,exact,Sabellaria spinulosa,130867,Sabellaria spinulosa,Animalia,Annelida,Polychaeta,,Sabellariidae,Sabellaria,,spinulosa,
"Scalibregma inflatum","De",130980,exact,Scalibregma inflatum,130980,Scalibregma inflatum,Animalia,Annelida,Polychaeta,,Scalibregmatidae,Scalibregma,,inflatum,
"Schistomysis kervillei","Om",120203,exact,Schistomysis kervillei,120203,Schistomysis kervillei,Animalia,Arthropoda,Malacostraca,Mysida,Mysidae,Schistomysis,,kervillei,
"Schistomysis ornata","Om",120204,exact,Schistomysis ornata,120204,Schistomysis ornata,Animalia,Arthropoda,Malacostraca,Mysida,Mysidae,Schistomysis,,ornata,
"Schistomysis spiritus","Om",120206,exact,Schistomysis spiritus,120206,Schistomysis spiritus,Animalia,Arthropoda,Malacostraca,Mysida,Mysidae,Schistomysis,,spiritus,
"Scolelepis (Scolelepis) foliosa","SuDe",334741,exact,Scolelepis (Scolelepis) foliosa,334741,Scolelepis (Scolelepis) foliosa,Animalia,Annelida,Polychaeta,Spionida,Spionidae,Scolelepis,Scolelepis,foliosa,
"Scolelepis (Scolelepis) squamata","Om",157566,exact,Scolelepis (Scolelepis) squamata,157566,Scolelepis (Scolelepis) squamata,Animalia,Annelida,Polychaeta,Spionida,Spionidae,Scolelepis,Scolelepis,squamata,
"Scolelepis bonnieri","SuDe",131171,exact,Scolelepis bonnieri,131171,Scolelepis bonnieri,Animalia,Annelida,Polychaeta,Spionida,Spionidae,Scolelepis,,bonnieri,
"Scoletoma fragilis","CaSc",130261,exact,Scoletoma fragilis,130261,Scoletoma fragilis,Animalia,Annelida,Polychaeta,Eunicida,Lumbrineridae,Scoletoma,,fragilis,
"Scoloplos armiger","De",130537,exact,Scoloplos armiger,130537,Scoloplos armiger,Animalia,Annelida,Polychaeta,,Orbiniidae,Scoloplos,,armiger,
"Scrobicularia plana","SuDe",141424,exact,Scrobicularia plana,141424,Scrobicularia plana,Animalia,Mollusca,Bivalvia,Cardiida,Semelidae,Scrobicularia,,plana,
"Semibalanus balanoides","Su",106210,exact,Semibalanus balanoides,106210,Semibalanus balanoides,Animalia,Arthropoda,Hexanauplia,Sessilia,Archaeobalanidae,Semibalanus,,balanoides,
"Sepiola atlantica","CaSc",141454,exact,Sepiola atlantica,141454,Sepiola atlantica,Animalia,Mollusca,Cephalopoda,Sepiida,Sepiolidae,Sepiola,,atlantica,
"Sigalion mathildae","CaSc",131072,exact,Sigalion mathildae,131072,Sigalion mathildae,Animalia,Annelida,Polychaeta,Phyllodocida,Sigalionidae,Sigalion,,mathildae,
"Solen marginatus","Su",141546,exact,Solen marginatus,141546,Solen marginatus,Animalia,Mollusca,Bivalvia,Adapedonta,Solenidae,Solen,,marginatus,
"Sphaerechinus granularis","He",124427,exact,Sphaerechinus granularis,124427,Sphaerechinus granularis,Animalia,Echinodermata,Echinoidea,Camarodonta,Toxopneustidae,Sphaerechinus,,granularis,
"Sphenia binghami","Su",140432,exact,Sphenia binghami,140432,Sphenia binghami,Animalia,Mollusca,Bivalvia,Myida,Myidae,Sphenia,,binghami,
"Spio decorata","De",152314,exact,Spio decorata,152314,Spio decorata,Animalia,Annelida,Polychaeta,Spionida,Spionidae,Spio,,decorata,
"Spio filicornis","De",131183,exact,Spio filicornis,131183,Spio filicornis,Animalia,Annelida,Polychaeta,Spionida,Spionidae,Spio,,filicornis,
"Spio goniocephala","De",131184,exact,Spio goniocephala,131184,Spio goniocephala,Animalia,Annelida,Polychaeta,Spionida,Spionidae,Spio,,goniocephala,
"Spio martinensis","De",131185,exact,Spio martinensis,131185,Spio martinensis,Animalia,Annelida,Polychaeta,Spionida,Spionidae,Spio,,martinensis,
"Spiophanes bombyx","Om",131187,exact,Spiophanes bombyx,131187,Spiophanes bombyx,Animalia,Annelida,Polychaeta,Spionida,Spionidae,Spiophanes,,bombyx,
"Spirobranchus triqueter","Su",555935,exact,Spirobranchus triqueter,555935,Spirobranchus triqueter,Animalia,Annelida,Polychaeta,Sabellida,Serpulidae,Spirobranchus,,triqueter,
"Spisula elliptica","Su",140300,exact,Spisula elliptica,140300,Spisula elliptica,Animalia,Mollusca,Bivalvia,,Mactridae,Spisula,,elliptica,
"Spisula solida","Su",140301,exact,Spisula solida,140301,Spisula solida,Animalia,Mollusca,Bivalvia,,Mactridae,Spisula,,solida,
"Spisula subtruncata","Su",140302,exact,Spisula subtruncata,140302,Spisula subtruncata,Animalia,Mollusca,Bivalvia,,Mactridae,Spisula,,subtruncata,
"Stegocephalus inflatus","CaSc",103105,exact,Stegocephalus inflatus,103105,Stegocephalus inflatus,Animalia,Arthropoda,Malacostraca,Amphipoda,Stegocephalidae,Stegocephalus,,inflatus,
"Steromphala cineraria","Om",1039839,exact,Steromphala cineraria,1039839,Steromphala cineraria,Animalia,Mollusca,Gastropoda,Trochida,Trochidae,Steromphala,,cineraria,
"Steromphala umbilicalis","Om",1039850,exact,Steromphala umbilicalis,1039850,Steromphala umbilicalis,Animalia,Mollusca,Gastropoda,Trochida,Trochidae,Steromphala,,umbilicalis,
"Streblospio benedicti","SuDe",131191,exact,Streblospio benedicti,131191,Streblospio benedicti,Animalia,Annelida,Polychaeta,Spionida,Spionidae,Streblospio,,benedicti,
"Streblospio shrubsolii","SuDe",131193,exact,Streblospio shrubsolii,131193,Streblospio shrubsolii,Animalia,Annelida,Polychaeta,Spionida,Spionidae,Streblospio,,shrubsolii,
"Streptosyllis websteri","De",131402,exact,Streptosyllis websteri,131402,Streptosyllis websteri,Animalia,Annelida,Polychaeta,Phyllodocida,Syllidae,Streptosyllis,,websteri,
"Strongylocentrotus droebachiensis","Om",124321,exact,Strongylocentrotus droebachiensis,124321,Strongylocentrotus droebachiensis,Animalia,Echinodermata,Echinoidea,Camarodonta,Strongylocentrotidae,Strongylocentrotus,,droebachiensis,
"Strongylocentrotus pallidus","Om",124324,exact,Strongylocentrotus pallidus,124324,Strongylocentrotus pallidus,Animalia,Echinodermata,Echinoidea,Camarodonta,Strongylocentrotidae,Strongylocentrotus,,pallidus,
"Synchelidium maculatum","Om",102928,exact,Synchelidium maculatum,102928,Synchelidium maculatum,Animalia,Arthropoda,Malacostraca,Amphipoda,Oedicerotidae,Synchelidium,,maculatum,
"Talitrus saltator","De",103220,exact,Talitrus saltator,103220,Talitrus saltator,Animalia,Arthropoda,Malacostraca,Amphipoda,Talitridae,Talitrus,,saltator,
"Tanais dulongii","De",136546,exact,Tanais dulongii,136546,Tanais dulongii,Animalia,Arthropoda,Malacostraca,Tanaidacea,Tanaididae,Tanais,,dulongii,
"Tellimya ferruginosa","Su",146952,exact,Tellimya ferruginosa,146952,Tellimya ferruginosa,Animalia,Mollusca,Bivalvia,,Lasaeidae,Tellimya,,ferruginosa,
"Tenellia adspersa","CaSc",141639,exact,Tenellia adspersa,141639,Tenellia adspersa,Animalia,Mollusca,Gastropoda,Nudibranchia,Trinchesiidae,Tenellia,,adspersa,
"Terebellides stroemii","De",131573,exact,Terebellides stroemii,131573,Terebellides stroemii,Animalia,Annelida,Polychaeta,Terebellida,Trichobranchidae,Terebellides,,stroemii,
"Tharyx killariensis","De",152269,exact,Tharyx killariensis,152269,Tharyx killariensis,Animalia,Annelida,Polychaeta,Terebellida,Cirratulidae,Tharyx,,killariensis,
"Thelepus cincinnatus","De",131543,exact,Thelepus cincinnatus,131543,Thelepus cincinnatus,Animalia,Annelida,Polychaeta,Terebellida,Terebellidae,Thelepus,,cincinnatus,
"Thracia convexa","Su",141644,exact,Thracia convexa,141644,Thracia convexa,Animalia,Mollusca,Bivalvia,,Thraciidae,Thracia,,convexa,
"Thracia phaseolina","Su",152378,exact,Thracia phaseolina,152378,Thracia phaseolina,Animalia,Mollusca,Bivalvia,,Thraciidae,Thracia,,phaseolina,
"Thracia pubescens","Su",141650,exact,Thracia pubescens,141650,Thracia pubescens,Animalia,Mollusca,Bivalvia,,Thraciidae,Thracia,,pubescens,
"Thyasira flexuosa","SuDe",141662,exact,Thyasira flexuosa,141662,Thyasira flexuosa,Animalia,Mollusca,Bivalvia,Lucinida,Thyasiridae,Thyasira,,flexuosa,
"Tritia reticulata","CaSc",876821,exact,Tritia reticulata,876821,Tritia reticulata,Animalia,Mollusca,Gastropoda,Neogastropoda,Nassariidae,Tritia,,reticulata,
"Tryphosa nana","CaSc",102748,exact,Tryphosa nana,102748,Tryphosa nana,Animalia,Arthropoda,Malacostraca,Amphipoda,Tryphosidae,Tryphosa,,nana,
"Turritella communis","Su",141872,exact,Turritella communis,141872,Turritella communis,Animalia,Mollusca,Gastropoda,[unassigned] Caenogastropoda,Turritellidae,Turritella,,communis,
"Upogebia deltaura","SuDe",107739,exact,Upogebia deltaura,107739,Upogebia deltaura,Animalia,Arthropoda,Malacostraca,Decapoda,Upogebiidae,Upogebia,,deltaura,
"Upogebia pusilla","SuDe",107741,exact,Upogebia pusilla,107741,Upogebia pusilla,Animalia,Arthropoda,Malacostraca,Decapoda,Upogebiidae,Upogebia,,pusilla,
"Urothoe brevicornis","De",103226,exact,Urothoe brevicornis,103226,Urothoe brevicornis,Animalia,Arthropoda,Malacostraca,Amphipoda,Urothoidae,Urothoe,,brevicornis,
"Urothoe marina","De",103233,exact,Urothoe marina,103233,Urothoe marina,Animalia,Arthropoda,Malacostraca,Amphipoda,Urothoidae,Urothoe,,marina,
"Urothoe poseidonis","De",103235,exact,Urothoe poseidonis,103235,Urothoe poseidonis,Animalia,Arthropoda,Malacostraca,Amphipoda,Urothoidae,Urothoe,,poseidonis,
"Venerupis corrugata","Su",181364,exact,Venerupis corrugata,181364,Venerupis corrugata,Animalia,Mollusca,Bivalvia,Venerida,Veneridae,Venerupis,,corrugata,
"Venus verrucosa","Su",141936,exact,Venus verrucosa,141936,Venus verrucosa,Animalia,Mollusca,Bivalvia,Venerida,Veneridae,Venus,,verrucosa,
"Verruca stroemia","Su",106257,exact,Verruca stroemia,106257,Verruca stroemia,Animalia,Arthropoda,Hexanauplia,Sessilia,Verrucidae,Verruca,,stroemia,
"Westwoodilla caecula","De",102932,exact,Westwoodilla caecula,102932,Westwoodilla caecula,Animalia,Arthropoda,Malacostraca,Amphipoda,Oedicerotidae,Westwoodilla,,caecula,
